0.9971,0
0.9989,0
0.9981,0
0.9997,0
0.9996,0
0.9991,0
0.9997,0
1.0000,0
0.9997,0
0.9997,0
1.0000,0
0.9988,0
0.9996,0
0.9989,0
0.9998,0
1.0000,0
0.9988,0
1.0000,0
0.9988,0
0.9988,0
0.9987,0
0.9969,0
0.9970,0
0.9995,0
0.9969,0
0.9986,0
0.9971,0
0.9986,0
0.9969,0
0.9969,0
0.9978,0
0.9970,0
0.8090,0
0.8419,0
0.7800,0
0.7692,0
0.7629,0
0.7629,0
0.7629,0
0.7629,0
0.7629,0
0.7629,0
0.7574,0
0.7740,0
0.7632,0
0.7090,0
0.6877,0
0.6877,0
0.6877,0
0.6877,0
0.6877,0
0.6660,0
0.6364,0
0.6304,0
0.6312,0
0.6312,0
0.6312,0
0.6312,0
0.6114,0
0.6312,0
0.5987,0
0.5802,0
0.5802,0
0.5802,0
0.5650,0
0.5629,0
0.5641,0
0.5641,0
0.5641,0
0.5584,0
0.5584,0
0.5584,0
0.5584,0
0.5426,0
0.5217,0
0.5131,0
0.5008,0
0.4796,0
0.4635,0
0.4635,0
0.4635,0
0.4635,0
0.4499,0
0.4612,0
0.4499,0
0.4498,0
0.4474,0
0.4479,0
0.4491,0
0.4487,0
0.4300,0
0.4089,0
0.3987,1
0.3751,1
0.3751,1
0.3751,1
0.3751,1
0.3751,1
0.3659,1
0.3636,1
0.3646,1
0.3623,1
0.3613,1
0.3582,1
0.3582,1
0.3582,1
0.3582,1
0.3582,1
0.3582,1
0.3582,1
0.3582,1
0.3582,1
0.3582,1
0.3582,1
0.3582,1
0.3582,1
0.3430,1
0.3347,1
0.3347,1
0.3347,1
0.3205,1
0.3064,1
0.2981,1
0.2940,1
0.2940,1
0.2940,1
0.2896,1
0.2896,1
0.2896,1
0.2896,1
0.2896,1
0.2940,1
0.2928,1
0.2850,1
0.2844,1
0.2810,1
0.2624,1
0.2624,1
0.2559,1
0.2559,1
0.2559,1
0.2559,1
0.2559,1
0.2559,1
0.2559,1
0.2444,1
0.2403,1
0.2362,1
0.2322,1
0.2322,1
0.2322,1
0.2322,1
0.2292,1
0.2310,1
0.2213,1
0.2202,1
0.2164,1
0.2190,1
0.2220,1
0.2112,1
0.1972,2
0.1972,2
0.1972,2
0.1972,2
0.1972,2
0.1972,2
0.1972,2
0.1972,2
0.1972,2
0.1772,2
0.1772,2
0.1772,2
0.1689,2
0.1689,2
0.1689,2
0.1689,2
0.1689,2
0.1669,2
0.1644,2
0.1598,2
0.1670,2
0.1670,2
0.1644,2
0.1612,2
0.1624,2
0.1598,2
0.1452,2
0.1359,2
0.1359,2
0.1359,2
0.1359,2
0.1359,2
0.1345,2
0.1298,2
0.1365,2
0.1246,2
0.1238,2
0.1238,2
0.1238,2
0.1238,2
0.1166,2
0.1104,2
0.1078,2
0.1019,2
0.1012,2
0.1012,2
0.1012,2
0.1012,2
0.1012,2
0.0998,2
0.0919,2
0.0891,2
0.0891,2
0.0729,2
0.0729,2
0.0729,2
0.0621,2
0.0526,2
0.0552,2
0.0533,2
0.0533,2
0.0533,2
0.0533,2
0.0431,2
0.0342,2
0.0292,2
0.0216,2
0.0216,2
0.0216,2
0.0248,2
0.0197,2
0.0280,2
0.0280,2
0.0229,2
0.0166,2
0.0166,2
0.0166,2
0.0242,2
0.0242,2
0.0242,2
0.0166,2
0.0229,2